{
    "Ar36": {
        "error": 0.0003002231739552462, 
        "filter_outliers_dict": {
            "filter_outliers": true, 
            "iterations": 1, 
            "std_devs": 2
        }, 
        "fit": "Linear", 
        "value": 0.012978739500737937
    }, 
    "Ar37": {
        "error": 0.004906998952555612, 
        "filter_outliers_dict": {
            "filter_outliers": true, 
            "iterations": 1, 
            "std_devs": 2
        }, 
        "fit": "linear", 
        "value": 0.3796420445883043
    }, 
    "Ar38": {
        "error": 0.0092265100745624, 
        "filter_outliers_dict": {
            "filter_outliers": true, 
            "iterations": 1, 
            "std_devs": 2
        }, 
        "fit": "linear", 
        "value": 1.5209885795640647
    }, 
    "Ar39": {
        "error": 0.021449964233710612, 
        "filter_outliers_dict": {
            "filter_outliers": true, 
            "iterations": 1, 
            "std_devs": 2
        }, 
        "fit": "Linear", 
        "value": 109.90789415309968
    }, 
    "Ar40": {
        "error": 0.03345857790475992, 
        "filter_outliers_dict": {
            "filter_outliers": true, 
            "iterations": 1, 
            "std_devs": 2
        }, 
        "fit": "Linear", 
        "value": 415.83296414169854
    }, 
    "Ar41": {
        "error": 0.003197971735123202, 
        "filter_outliers_dict": {
            "filter_outliers": true, 
            "iterations": 1, 
            "std_devs": 2
        }, 
        "fit": "Average", 
        "value": 0.08075832694971401
    }
}